[
  {
    "name": "Application Start",
    "start": 1592281036955,
    "end": 1592281037362,
    "duration": 407,
    "pid": 22376,
    "index": 0
  },
  {
    "name": "Load Plugin",
    "start": 1592281036963,
    "end": 1592281036978,
    "duration": 15,
    "pid": 22376,
    "index": 1
  },
  {
    "name": "Load Config",
    "start": 1592281036978,
    "end": 1592281036998,
    "duration": 20,
    "pid": 22376,
    "index": 2
  },
  {
    "name": "Require(0) config/config.default.js",
    "start": 1592281036979,
    "end": 1592281036979,
    "duration": 0,
    "pid": 22376,
    "index": 3
  },
  {
    "name": "Require(1) node_modules/egg-session/config/config.default.js",
    "start": 1592281036980,
    "end": 1592281036981,
    "duration": 1,
    "pid": 22376,
    "index": 4
  },
  {
    "name": "Require(2) node_modules/egg-security/config/config.default.js",
    "start": 1592281036981,
    "end": 1592281036982,
    "duration": 1,
    "pid": 22376,
    "index": 5
  },
  {
    "name": "Require(3) node_modules/egg-jsonp/config/config.default.js",
    "start": 1592281036983,
    "end": 1592281036983,
    "duration": 0,
    "pid": 22376,
    "index": 6
  },
  {
    "name": "Require(4) node_modules/egg-onerror/config/config.default.js",
    "start": 1592281036983,
    "end": 1592281036984,
    "duration": 1,
    "pid": 22376,
    "index": 7
  },
  {
    "name": "Require(5) node_modules/egg-i18n/config/config.default.js",
    "start": 1592281036984,
    "end": 1592281036984,
    "duration": 0,
    "pid": 22376,
    "index": 8
  },
  {
    "name": "Require(6) node_modules/egg-watcher/config/config.default.js",
    "start": 1592281036985,
    "end": 1592281036985,
    "duration": 0,
    "pid": 22376,
    "index": 9
  },
  {
    "name": "Require(7) node_modules/egg-schedule/config/config.default.js",
    "start": 1592281036986,
    "end": 1592281036986,
    "duration": 0,
    "pid": 22376,
    "index": 10
  },
  {
    "name": "Require(8) node_modules/egg-multipart/config/config.default.js",
    "start": 1592281036986,
    "end": 1592281036987,
    "duration": 1,
    "pid": 22376,
    "index": 11
  },
  {
    "name": "Require(9) node_modules/egg-development/config/config.default.js",
    "start": 1592281036987,
    "end": 1592281036988,
    "duration": 1,
    "pid": 22376,
    "index": 12
  },
  {
    "name": "Require(10) node_modules/egg-logrotator/config/config.default.js",
    "start": 1592281036988,
    "end": 1592281036989,
    "duration": 1,
    "pid": 22376,
    "index": 13
  },
  {
    "name": "Require(11) node_modules/egg-static/config/config.default.js",
    "start": 1592281036989,
    "end": 1592281036989,
    "duration": 0,
    "pid": 22376,
    "index": 14
  },
  {
    "name": "Require(12) node_modules/egg-view/config/config.default.js",
    "start": 1592281036990,
    "end": 1592281036990,
    "duration": 0,
    "pid": 22376,
    "index": 15
  },
  {
    "name": "Require(13) node_modules/egg-mysql/config/config.default.js",
    "start": 1592281036991,
    "end": 1592281036991,
    "duration": 0,
    "pid": 22376,
    "index": 16
  },
  {
    "name": "Require(14) node_modules/egg-cors/config/config.default.js",
    "start": 1592281036991,
    "end": 1592281036992,
    "duration": 1,
    "pid": 22376,
    "index": 17
  },
  {
    "name": "Require(15) node_modules/egg/config/config.default.js",
    "start": 1592281036992,
    "end": 1592281036992,
    "duration": 0,
    "pid": 22376,
    "index": 18
  },
  {
    "name": "Require(16) config/config.default.js",
    "start": 1592281036994,
    "end": 1592281036994,
    "duration": 0,
    "pid": 22376,
    "index": 19
  },
  {
    "name": "Require(17) node_modules/egg-security/config/config.local.js",
    "start": 1592281036994,
    "end": 1592281036994,
    "duration": 0,
    "pid": 22376,
    "index": 20
  },
  {
    "name": "Require(18) node_modules/egg-watcher/config/config.local.js",
    "start": 1592281036995,
    "end": 1592281036995,
    "duration": 0,
    "pid": 22376,
    "index": 21
  },
  {
    "name": "Require(19) node_modules/egg-view/config/config.local.js",
    "start": 1592281036997,
    "end": 1592281036997,
    "duration": 0,
    "pid": 22376,
    "index": 22
  },
  {
    "name": "Require(20) node_modules/egg/config/config.local.js",
    "start": 1592281036997,
    "end": 1592281036998,
    "duration": 1,
    "pid": 22376,
    "index": 23
  },
  {
    "name": "Load extend/application.js",
    "start": 1592281036999,
    "end": 1592281037013,
    "duration": 14,
    "pid": 22376,
    "index": 24
  },
  {
    "name": "Require(21) node_modules/egg-session/app/extend/application.js",
    "start": 1592281036999,
    "end": 1592281037000,
    "duration": 1,
    "pid": 22376,
    "index": 25
  },
  {
    "name": "Require(22) node_modules/egg-security/app/extend/application.js",
    "start": 1592281037000,
    "end": 1592281037001,
    "duration": 1,
    "pid": 22376,
    "index": 26
  },
  {
    "name": "Require(23) node_modules/egg-jsonp/app/extend/application.js",
    "start": 1592281037001,
    "end": 1592281037002,
    "duration": 1,
    "pid": 22376,
    "index": 27
  },
  {
    "name": "Require(24) node_modules/egg-logrotator/app/extend/application.js",
    "start": 1592281037004,
    "end": 1592281037008,
    "duration": 4,
    "pid": 22376,
    "index": 28
  },
  {
    "name": "Require(25) node_modules/egg-view/app/extend/application.js",
    "start": 1592281037009,
    "end": 1592281037010,
    "duration": 1,
    "pid": 22376,
    "index": 29
  },
  {
    "name": "Load extend/request.js",
    "start": 1592281037013,
    "end": 1592281037019,
    "duration": 6,
    "pid": 22376,
    "index": 30
  },
  {
    "name": "Require(26) node_modules/egg/app/extend/request.js",
    "start": 1592281037016,
    "end": 1592281037017,
    "duration": 1,
    "pid": 22376,
    "index": 31
  },
  {
    "name": "Load extend/response.js",
    "start": 1592281037019,
    "end": 1592281037026,
    "duration": 7,
    "pid": 22376,
    "index": 32
  },
  {
    "name": "Require(27) node_modules/egg/app/extend/response.js",
    "start": 1592281037022,
    "end": 1592281037023,
    "duration": 1,
    "pid": 22376,
    "index": 33
  },
  {
    "name": "Load extend/context.js",
    "start": 1592281037026,
    "end": 1592281037083,
    "duration": 57,
    "pid": 22376,
    "index": 34
  },
  {
    "name": "Require(28) node_modules/egg-security/app/extend/context.js",
    "start": 1592281037027,
    "end": 1592281037037,
    "duration": 10,
    "pid": 22376,
    "index": 35
  },
  {
    "name": "Require(29) node_modules/egg-jsonp/app/extend/context.js",
    "start": 1592281037037,
    "end": 1592281037038,
    "duration": 1,
    "pid": 22376,
    "index": 36
  },
  {
    "name": "Require(30) node_modules/egg-i18n/app/extend/context.js",
    "start": 1592281037039,
    "end": 1592281037039,
    "duration": 0,
    "pid": 22376,
    "index": 37
  },
  {
    "name": "Require(31) node_modules/egg-multipart/app/extend/context.js",
    "start": 1592281037040,
    "end": 1592281037075,
    "duration": 35,
    "pid": 22376,
    "index": 38
  },
  {
    "name": "Require(32) node_modules/egg-view/app/extend/context.js",
    "start": 1592281037076,
    "end": 1592281037077,
    "duration": 1,
    "pid": 22376,
    "index": 39
  },
  {
    "name": "Require(33) node_modules/egg/app/extend/context.js",
    "start": 1592281037077,
    "end": 1592281037078,
    "duration": 1,
    "pid": 22376,
    "index": 40
  },
  {
    "name": "Load extend/helper.js",
    "start": 1592281037083,
    "end": 1592281037103,
    "duration": 20,
    "pid": 22376,
    "index": 41
  },
  {
    "name": "Require(34) node_modules/egg-security/app/extend/helper.js",
    "start": 1592281037084,
    "end": 1592281037098,
    "duration": 14,
    "pid": 22376,
    "index": 42
  },
  {
    "name": "Require(35) node_modules/egg/app/extend/helper.js",
    "start": 1592281037100,
    "end": 1592281037100,
    "duration": 0,
    "pid": 22376,
    "index": 43
  },
  {
    "name": "Load app.js",
    "start": 1592281037103,
    "end": 1592281037147,
    "duration": 44,
    "pid": 22376,
    "index": 44
  },
  {
    "name": "Require(36) node_modules/egg-session/app.js",
    "start": 1592281037104,
    "end": 1592281037104,
    "duration": 0,
    "pid": 22376,
    "index": 45
  },
  {
    "name": "Require(37) node_modules/egg-security/app.js",
    "start": 1592281037104,
    "end": 1592281037105,
    "duration": 1,
    "pid": 22376,
    "index": 46
  },
  {
    "name": "Require(38) node_modules/egg-onerror/app.js",
    "start": 1592281037106,
    "end": 1592281037112,
    "duration": 6,
    "pid": 22376,
    "index": 47
  },
  {
    "name": "Require(39) node_modules/egg-i18n/app.js",
    "start": 1592281037113,
    "end": 1592281037120,
    "duration": 7,
    "pid": 22376,
    "index": 48
  },
  {
    "name": "Require(40) node_modules/egg-watcher/app.js",
    "start": 1592281037121,
    "end": 1592281037125,
    "duration": 4,
    "pid": 22376,
    "index": 49
  },
  {
    "name": "Require(41) node_modules/egg-schedule/app.js",
    "start": 1592281037126,
    "end": 1592281037127,
    "duration": 1,
    "pid": 22376,
    "index": 50
  },
  {
    "name": "Require(42) node_modules/egg-multipart/app.js",
    "start": 1592281037127,
    "end": 1592281037127,
    "duration": 0,
    "pid": 22376,
    "index": 51
  },
  {
    "name": "Require(43) node_modules/egg-development/app.js",
    "start": 1592281037128,
    "end": 1592281037128,
    "duration": 0,
    "pid": 22376,
    "index": 52
  },
  {
    "name": "Require(44) node_modules/egg-logrotator/app.js",
    "start": 1592281037128,
    "end": 1592281037129,
    "duration": 1,
    "pid": 22376,
    "index": 53
  },
  {
    "name": "Require(45) node_modules/egg-static/app.js",
    "start": 1592281037129,
    "end": 1592281037130,
    "duration": 1,
    "pid": 22376,
    "index": 54
  },
  {
    "name": "Require(46) node_modules/egg-mysql/app.js",
    "start": 1592281037131,
    "end": 1592281037146,
    "duration": 15,
    "pid": 22376,
    "index": 55
  },
  {
    "name": "Require(47) node_modules/egg-cors/app.js",
    "start": 1592281037146,
    "end": 1592281037146,
    "duration": 0,
    "pid": 22376,
    "index": 56
  },
  {
    "name": "Before Start in node_modules/egg-watcher/lib/init.js:15:14",
    "start": 1592281037157,
    "end": 1592281037354,
    "duration": 197,
    "pid": 22376,
    "index": 57
  },
  {
    "name": "Before Start in node_modules/egg-mysql/lib/mysql.js:20:7",
    "start": 1592281037242,
    "end": 1592281037362,
    "duration": 120,
    "pid": 22376,
    "index": 58
  },
  {
    "name": "Load Service",
    "start": 1592281037242,
    "end": 1592281037247,
    "duration": 5,
    "pid": 22376,
    "index": 59
  },
  {
    "name": "Load \"service\" to Context",
    "start": 1592281037242,
    "end": 1592281037247,
    "duration": 5,
    "pid": 22376,
    "index": 60
  },
  {
    "name": "Load Middleware",
    "start": 1592281037247,
    "end": 1592281037311,
    "duration": 64,
    "pid": 22376,
    "index": 61
  },
  {
    "name": "Load \"middlewares\" to Application",
    "start": 1592281037247,
    "end": 1592281037305,
    "duration": 58,
    "pid": 22376,
    "index": 62
  },
  {
    "name": "Load Controller",
    "start": 1592281037312,
    "end": 1592281037314,
    "duration": 2,
    "pid": 22376,
    "index": 63
  },
  {
    "name": "Load \"controller\" to Application",
    "start": 1592281037312,
    "end": 1592281037314,
    "duration": 2,
    "pid": 22376,
    "index": 64
  },
  {
    "name": "Load Router",
    "start": 1592281037315,
    "end": 1592281037318,
    "duration": 3,
    "pid": 22376,
    "index": 65
  },
  {
    "name": "Require(48) app/router.js",
    "start": 1592281037315,
    "end": 1592281037315,
    "duration": 0,
    "pid": 22376,
    "index": 66
  },
  {
    "name": "Before Start in node_modules/egg-core/lib/egg.js:303:10",
    "start": 1592281037316,
    "end": 1592281037342,
    "duration": 26,
    "pid": 22376,
    "index": 67
  }
]