[
  {
    "name": null,
    "methods": [
      "POST"
    ],
    "paramNames": [],
    "path": "/admin/toLogin",
    "regexp": "/^\\/admin\\/toLogin(?:\\/(?=$))?$/",
    "stack": [
      "wrappedController"
    ]
  },
  {
    "name": null,
    "methods": [
      "HEAD",
      "GET"
    ],
    "paramNames": [],
    "path": "/admin/getArticleType",
    "regexp": "/^\\/admin\\/getArticleType(?:\\/(?=$))?$/",
    "stack": [
      "adminauth",
      "wrappedController"
    ]
  },
  {
    "name": null,
    "methods": [
      "POST"
    ],
    "paramNames": [],
    "path": "/admin/addArticle",
    "regexp": "/^\\/admin\\/addArticle(?:\\/(?=$))?$/",
    "stack": [
      "adminauth",
      "wrappedController"
    ]
  },
  {
    "name": null,
    "methods": [
      "HEAD",
      "GET"
    ],
    "paramNames": [],
    "path": "/admin/getArticleList",
    "regexp": "/^\\/admin\\/getArticleList(?:\\/(?=$))?$/",
    "stack": [
      "adminauth",
      "wrappedController"
    ]
  },
  {
    "name": null,
    "methods": [
      "DELETE"
    ],
    "paramNames": [
      {
        "name": "id",
        "prefix": "/",
        "delimiter": "/",
        "optional": false,
        "repeat": false,
        "partial": false,
        "asterisk": false,
        "pattern": "[^\\/]+?"
      }
    ],
    "path": "/admin/delArticle/:id",
    "regexp": "/^\\/admin\\/delArticle\\/((?:[^\\/]+?))(?:\\/(?=$))?$/",
    "stack": [
      "adminauth",
      "wrappedController"
    ]
  },
  {
    "name": null,
    "methods": [
      "HEAD",
      "GET"
    ],
    "paramNames": [
      {
        "name": "id",
        "prefix": "/",
        "delimiter": "/",
        "optional": false,
        "repeat": false,
        "partial": false,
        "asterisk": false,
        "pattern": "[^\\/]+?"
      }
    ],
    "path": "/admin/getArticleById/:id",
    "regexp": "/^\\/admin\\/getArticleById\\/((?:[^\\/]+?))(?:\\/(?=$))?$/",
    "stack": [
      "adminauth",
      "wrappedController"
    ]
  },
  {
    "name": null,
    "methods": [
      "PATCH"
    ],
    "paramNames": [],
    "path": "/admin/updateArticle",
    "regexp": "/^\\/admin\\/updateArticle(?:\\/(?=$))?$/",
    "stack": [
      "adminauth",
      "wrappedController"
    ]
  },
  {
    "name": null,
    "methods": [
      "HEAD",
      "GET"
    ],
    "paramNames": [],
    "path": "/admin/getType",
    "regexp": "/^\\/admin\\/getType(?:\\/(?=$))?$/",
    "stack": [
      "adminauth",
      "wrappedController"
    ]
  },
  {
    "name": null,
    "methods": [
      "POST"
    ],
    "paramNames": [],
    "path": "/admin/addTypeName",
    "regexp": "/^\\/admin\\/addTypeName(?:\\/(?=$))?$/",
    "stack": [
      "adminauth",
      "wrappedController"
    ]
  },
  {
    "name": null,
    "methods": [
      "PATCH"
    ],
    "paramNames": [],
    "path": "/admin/addAbout",
    "regexp": "/^\\/admin\\/addAbout(?:\\/(?=$))?$/",
    "stack": [
      "adminauth",
      "wrappedController"
    ]
  },
  {
    "name": null,
    "methods": [
      "HEAD",
      "GET"
    ],
    "paramNames": [],
    "path": "/default/getArticleTitle",
    "regexp": "/^\\/default\\/getArticleTitle(?:\\/(?=$))?$/",
    "stack": [
      "wrappedController"
    ]
  },
  {
    "name": null,
    "methods": [
      "HEAD",
      "GET"
    ],
    "paramNames": [
      {
        "name": "id",
        "prefix": "/",
        "delimiter": "/",
        "optional": false,
        "repeat": false,
        "partial": false,
        "asterisk": false,
        "pattern": "[^\\/]+?"
      }
    ],
    "path": "/default/getArticleById/:id",
    "regexp": "/^\\/default\\/getArticleById\\/((?:[^\\/]+?))(?:\\/(?=$))?$/",
    "stack": [
      "wrappedController"
    ]
  },
  {
    "name": null,
    "methods": [
      "HEAD",
      "GET"
    ],
    "paramNames": [
      {
        "name": "id",
        "prefix": "/",
        "delimiter": "/",
        "optional": false,
        "repeat": false,
        "partial": false,
        "asterisk": false,
        "pattern": "[^\\/]+?"
      }
    ],
    "path": "/default/getArticleByTypeId/:id",
    "regexp": "/^\\/default\\/getArticleByTypeId\\/((?:[^\\/]+?))(?:\\/(?=$))?$/",
    "stack": [
      "wrappedController"
    ]
  },
  {
    "name": null,
    "methods": [
      "HEAD",
      "GET"
    ],
    "paramNames": [],
    "path": "/default/getAbout",
    "regexp": "/^\\/default\\/getAbout(?:\\/(?=$))?$/",
    "stack": [
      "wrappedController"
    ]
  }
]